<?xml version="1.0" encoding="UTF-8"?>
<jax-ws xmlns="http://www.netbeans.org/ns/jax-ws/1">
  <services>
    <service name="WebServiceRegistraControlPeso">
      <implementation-class>Servicio.WebServiceRegistraControlPeso</implementation-class>
    </service>
    <service name="WebServiceIMC">
      <implementation-class>Servicio.WebServiceIMC</implementation-class>
    </service>
    <service name="WebServiceResultado">
      <implementation-class>Servicio.WebServiceResultado</implementation-class>
    </service>
  </services>
  <clients/>
</jax-ws>
